Step,LogReg_Importance,LightGBM_Importance
2,0.25883205584597985,56
1,0.11968256059022547,52
0,0.20581130024696243,43
3,0.13782488193347975,40
4,0.0026347205824705368,32
5,0.21640872674578956,29
6,0.12255940606765275,19
7,0.1384216094206237,0
8,0.30279954423623545,0
