Step,LogReg_Importance,LightGBM_Importance
1,0.07689411418542394,94
3,0.004190449671926925,73
4,0.02061095001633705,67
0,0.30144612043551167,64
2,0.05569013605130249,64
5,0.04118224241565354,33
7,0.016004569289152396,18
6,0.051200953410845906,12
8,0.1031879975294781,2
